<Settings>
  <RiskMoneyManagement>
    <MoneyManagement>
      <InitialCapital>10000</InitialCapital>
      <Method type="FixedSize" use="true">
        <Params>
          <Param key="Size" name="Order size" type="double" defaultValue="0.1" controlType="jspinnerVar" minValue="0.01" maxValue="1000000" step="0.1" help="Order size (number of lots for forex)" builderStep="0.1" value="0.1">0.1</Param>
        </Params>
      </Method>
    </MoneyManagement>
    <RiskManagement>
      <Method type="AllowAllTrades" use="true">
        <Params />
      </Method>
    </RiskManagement>
  </RiskMoneyManagement>
  <Data>
    <Setups>
      <Setup dateFrom="2015.01.01" dateTo="2025.05.26" testPrecision="1" session="No Session" slippage="0" minDist="0" engine="MetaTrader5 (netted)">
        <Chart symbol="NQ_M1_dukas" timeframe="H1" spread="0" />
        <Commissions>
          <Method type="None" use="true">
            <Params />
          </Method>
        </Commissions>
        <Swap use="false" type="money" long="0" short="0" tripleSwapOn="WEDNESDAY" />
      </Setup>
    </Setups>
  </Data>
  <Options>
    <BuildTradingOptions>
      <Params>
        <Param key="DontTradeOnWeekends" className="DontTradeOnWeekends">false</Param>
        <Param key="FridayCloseTime" className="DontTradeOnWeekends">82800</Param>
        <Param key="SundayOpenTime" className="DontTradeOnWeekends">82800</Param>
        <Param key="ExitAtEndOfDay" className="ExitAtEndOfDay">false</Param>
        <Param key="EODExitTime" className="ExitAtEndOfDay">86100</Param>
        <Param key="ExitOnFriday" className="ExitOnFriday">false</Param>
        <Param key="FridayExitTime" className="ExitOnFriday">82800</Param>
        <Param key="LimitTimeRange" className="LimitTimeRange">false</Param>
        <Param key="SignalTimeRangeFrom" className="LimitTimeRange">28800</Param>
        <Param key="SignalTimeRangeTo" className="LimitTimeRange">57600</Param>
        <Param key="ExitAtEndOfRange" className="LimitTimeRange">false</Param>
        <Param key="OrderTypeToExit" className="LimitTimeRange">0</Param>
        <Param key="MaxDistanceFromMarket" className="MaxDistanceFromMarket">false</Param>
        <Param key="MaxDistancePct" className="MaxDistanceFromMarket">6</Param>
        <Param key="MaxTradesPerDay" className="MaxTradesPerDay">0</Param>
        <Param key="MinimumSL" className="MinMaxSLPT">0</Param>
        <Param key="MaximumSL" className="MinMaxSLPT">0</Param>
        <Param key="MinimumPT" className="MinMaxSLPT">0</Param>
        <Param key="MaximumPT" className="MinMaxSLPT">0</Param>
        <Param key="UseInitialSLPT" className="UseInitialSLPT">false</Param>
        <Param key="Session" className="SessionOption">No Session</Param>
        <Param key="ReservedBars" className="ReservedBars">50</Param>
        <Param key="StoreChartData" className="StoreChartData">false</Param>
        <Param key="RealisticGapsHandling" className="RealisticGapsHandling">false</Param>
        <Param key="PickerEntryType" className="StockpickerOptions">5</Param>
        <Param key="PickerExitType" className="StockpickerOptions">10</Param>
        <Param key="PickerEndOfDayLong" className="StockpickerOptions">10</Param>
        <Param key="PickerEndOfDayShort" className="StockpickerOptions">10</Param>
        <Param key="PickerMaxOpenPositionsLong" className="StockpickerOptions">10</Param>
        <Param key="PickerMaxOpenPositionsShort" className="StockpickerOptions">10</Param>
        <Param key="PickerStoreLogs" className="StockpickerOptions">true</Param>
        <Param key="PickerAllowBetterLimitFill" className="StockpickerOptions">false</Param>
        <Param key="PickerBroker" className="BrokerOption">No filter</Param>
        <Param key="MarketOpenSession" className="MarketOpenSession">No Session</Param>
        <Param key="LimitOver" className="LimitOver">0</Param>
      </Params>
    </BuildTradingOptions>
  </Options>
  <ATMs enable="false" scaleOutType="1" sizeDecimals="1" minSize="0.1">
    <ATM id="global">
      <Exits />
    </ATM>
  </ATMs>
  <Resources>
    <Symbols>
      <Symbol name="NQ_M1_dukas" source="2" barType="1" precision="M1" timezone="EETUS" dateFrom="1420070400000" dateTo="1748217600000" uSymbol="USATECHIDXUSD" uSymbolName="USA 100 Technical Index" removeWeekends="false" broker="3">
        <InstrumentInfo instrument="USATECH.IDX_dukascopy" description="USA_Indexes" tickSize="0.001" tickStep="0.001" minDistance="0.0" tickValueInMoney="0.0" dateFrom="0" dateTo="0" rows="0" totalDays="0" defaultSpread="1503.0" defaultSlippage="0.0" decimals="3" commissions="&lt;Method type=&quot;SizeBased&quot; use=&quot;true&quot;&gt;&lt;Params&gt;&lt;Param key=&quot;Commission&quot; className=&quot;SizeBased&quot;&gt;0.00&lt;/Param&gt;&lt;/Params&gt;&lt;/Method&gt;" pointValue="1.0" dataType="6" recognizedFromOrders="false" exchange="" country="USA" sector="Indexes" swap="&lt;Swap use=&quot;true&quot; type=&quot;points&quot; long=&quot;-3421.39&quot; short=&quot;1385.57&quot; tripleSwapOn=&quot;NEVER&quot; rolloutHour=&quot;23:00&quot;/&gt;" orderSizeMultiplier="1.0" orderSizeStep="1.0" broker="3" />
      </Symbol>
    </Symbols>
    <Brokers>
      <Broker id="3" name="[[Dukascopy]]" description="Dukascopy" timezone="EETUS" postfix="_dukascopy" mtUse="true" spUse="false" />
    </Brokers>
    <Instruments>
      <InstrumentInfo instrument="USATECH.IDX_dukascopy" description="USA_Indexes" tickSize="0.001" tickStep="0.001" minDistance="0.0" tickValueInMoney="0.0" dateFrom="0" dateTo="0" rows="0" totalDays="0" defaultSpread="1503.0" defaultSlippage="0.0" decimals="3" commissions="&lt;Method type=&quot;SizeBased&quot; use=&quot;true&quot;&gt;&lt;Params&gt;&lt;Param key=&quot;Commission&quot; className=&quot;SizeBased&quot;&gt;0.00&lt;/Param&gt;&lt;/Params&gt;&lt;/Method&gt;" pointValue="1.0" dataType="6" recognizedFromOrders="false" exchange="" country="USA" sector="Indexes" swap="&lt;Swap use=&quot;true&quot; type=&quot;points&quot; long=&quot;-3421.39&quot; short=&quot;1385.57&quot; tripleSwapOn=&quot;NEVER&quot; rolloutHour=&quot;23:00&quot;/&gt;" orderSizeMultiplier="1.0" orderSizeStep="1.0" broker="3" />
    </Instruments>
    <Sessions />
  </Resources>
</Settings>