<?xml version="1.0" encoding="UTF-8"?>
<StrategyFile Version="3.9.132">
  <options>
    <StrategyName>AItemplate</StrategyName>
    <Engine>AlgoCloud</Engine>
    <OnlineVersion>false</OnlineVersion>
    <Version>3.9.132</Version>
    <Date>11/16/2025 18:49</Date>
    <ID>kpr51kz0</ID>
    <MinDistance>0</MinDistance>
  </options>
  <Strategy name="AItemplate" engine="MetaTrader" allowRandom="true">
    <Note width="0" height="0" left="0" top="0" type="NONE" />
    <Description />
    <MoneyManagement type="FixedSize">
      <Method>
        <Params>
          <Param key="Size" name="Order size" type="double" defaultValue="0.1" controlType="jspinnerVar" minValue="0.01" maxValue="1000000" step="0.1" help="Order size (number of lots for forex)" builderStep="0.1" value="0.1">0.1</Param>
        </Params>
      </Method>
      <InitialCapital>10000</InitialCapital>
    </MoneyManagement>
    <GlobalSLPT>
      <useSameSLPTforBothDirections>true</useSameSLPTforBothDirections>
      <values>
        <globalSL>
          <values type="fixed">
            <value>0</value>
          </values>
        </globalSL>
        <globalPT>
          <values type="fixed">
            <value>0</value>
          </values>
        </globalPT>
      </values>
    </GlobalSLPT>
    <Rules>
      <Events>
        <Event key="OnInit" />
        <Event key="OnBarUpdate">
          <Rule name="Signals" type="Signal" everyTick="false" event="OnBarUpdate" ruleIndex="1">
            <signals>
              <signal variable="33333333-1111-1111-3333-333333333333">
                <Item key="RandomCondition" name="RandomCondition" returnType="boolean" ignoreInBuilder="true" display="RandomCondition(@Chart@#Identification#)" generate="random" superType="condition" categoryType="randomBlock" openingBrackets="0" closingBrackets="0">
                  <Param key="#Identification#" name="Identification" type="string" controlType="randomId">RandomCondition1</Param>
                  <Param key="#Chart#" name="Chart" type="data" controlType="dataVar" defaultValue="Any">0</Param>
                  <Param key="#Group#" name="Random group" type="string" controlType="randomGroupId" randomGroupType="Conditions" />
                </Item>
              </signal>
            </signals>
          </Rule>
          <Rule name="Long entry" type="IfThen" everyTick="false" event="OnBarUpdate" ruleIndex="2">
            <If>
              <Item key="AND">
                <Block>
                  <Item customSnippet="false" key="BooleanVariable" name="(BVAR) Boolean Variable" display="#Variable#" returnType="boolean" help="Boolean Variable" ignoreInBuilder="true" mI="Other" categoryType="other" notFirstValue="true" openingBrackets="0" closingBrackets="0">
                    <Param key="#Variable#" name="Variable" type="boolean" defaultValue="10" controlType="comboVar" builderStep="1" value="LongEntrySignal" variable="true">33333333-1111-1111-3333-333333333333</Param>
                  </Item>
                </Block>
                <Block>
                  <Item customSnippet="false" key="Not" name="Not" display="Not #Value#" returnType="boolean" mI="Comparisons" categoryType="operators" openingBrackets="0" closingBrackets="0">
                    <Block key="#Value#" name="Value#" type="value" controlType="value">
                      <Item customSnippet="false" key="BooleanVariable" name="(BVAR) Boolean Variable" display="#Variable#" returnType="boolean" help="Boolean Variable" ignoreInBuilder="true" mI="Other" categoryType="other" notFirstValue="true">
                        <Param key="#Variable#" name="Variable" type="boolean" defaultValue="10" controlType="comboVar" builderStep="1" value="LongEntrySignal" variable="true">33333333-2222-1111-3333-333333333333</Param>
                      </Item>
                    </Block>
                  </Item>
                </Block>
              </Item>
            </If>
            <Then>
              <Item customSnippet="false" key="EnterAtStop" name="(STOP) Enter at stop" display="EnterAtStop" returnType="order" help="Opens stop order at given price" mI="Open" categoryType="other">
                <Param key="#Price#" name="Price" type="double" isFormula="true" controlType="Price" required="true">
                  <Formula key="SQ.Formulas.Price.UseFormula" name="Use formula">
                    <Block key="#Value#" name="Value" type="value" valueType="price" controlType="value">
                      <Item customSnippet="false" key="Highest" name="Highest" display="Highest(@Chart@#Period#)[#Shift#]" returnType="price" help="Returns highest value of given period of bars" mI="HighestIndex" categoryType="indicator">
                        <Param key="#Chart#" name="Chart" type="data" controlType="dataVar" defaultValue="0" value="0">0</Param>
                        <Param key="#ComputedFrom#" name="Computed From" type="int" controlType="combo" values="Close=0,Open=1,High=2,Low=3,Median=4,Typical=5,Weighted=6" defaultValue="0" value="2">2</Param>
                        <Param key="#Period#" name="Period" type="int" defaultValue="14" genMinValue="-1000003" genMaxValue="-1000004" paramType="period" controlType="jspinnerVar" minValue="1" maxValue="10000" step="1" builderStep="1" value="20" generate="random" randomValue="default">Highest1</Param>
                        <Param key="#Shift#" name="Shift" type="int" defaultValue="1" controlType="jspinnerVar" minValue="0" maxValue="1000" genMinValue="-1000001" genMaxValue="-1000002" paramType="shift" step="1" builderStep="1" value="1">1</Param>
                        <Param key="#Identification#" name="Identification" type="string" controlType="randomId">Highest1</Param>
                      </Item>
                    </Block>
                  </Formula>
                </Param>
                <Param key="#Symbol#" name="Symbol" type="string" defaultValue="Current" displayOnDefault="false" controlType="symbolVar" paramType="symbol" builderStep="1" value="Current">Current</Param>
                <Param key="#Direction#" name="Direction" type="int" defaultValue="1" controlType="combo" values="Long=1,Short=-1" builderStep="1" value="1">1</Param>
                <Param key="#Size#" name="Size" type="double" isFormula="true" controlType="Size" required="true">
                  <Formula key="SQ.Formulas.Size.UseGlobalMM" name="Use global Money Management" />
                </Param>
                <Param key="#BarsValid#" name="Bars Valid" type="int" defaultValue="0" displayOnDefault="false" controlType="jspinnerVar" minValue="0" maxValue="1000" step="1" help="Number of bars this pending order will be valid, after then it expires. 0 means it never expires." builderMinValue="0" builderMaxValue="200" builderStep="1" forEngine="*,-TS,-MC" value="0" generate="random" randomValue="default">RandomAction1</Param>
                <Param key="#ReplaceExisting#" name="Replace Existing Order" type="boolean" defaultValue="true" displayOnDefault="false" controlType="booleanVar" help="If existing stop order with the same identification exist, should it be replaced?" builderStep="1" value="true">true</Param>
                <Param key="#MagicNumber#" name="Magic Number" type="int" defaultValue="MagicNumber" displayOnDefault="false" controlType="comboVar" help="Magic number is used to identify this trade, it should be unique for every trade you open." builderStep="1" variable="true" value="MagicNumber">7ac7fdd0-1837-4f0e-9485-eab4c03db47f</Param>
                <Param key="#Comment#" name="Comment" type="string" defaultValue="" displayOnDefault="false" controlType="editbox" builderStep="1" value="" />
                <Param key="#AllowDuplicateTrades#" name="Allow Duplicate Trades" type="boolean" defaultValue="false" displayOnDefault="false" controlType="booleanVar" help="If set to true, it will allow to place multiple trades with the same Magic Number" builderStep="1" value="false">false</Param>
                <Param key="#ExitAfterBars.ExitAfterBars#" name="Exit After Bars" type="int" defaultValue="0" displayOnDefault="false" controlType="jspinnerVar" minValue="0" maxValue="99999" step="1" help="Number of bars after which this trade will automatically be closed" exitMethod="true" builderMinValue="5" builderMaxValue="500" builderStep="1" value="2" generate="random" randomValue="default">RandomAction1</Param>
                <Param key="#MoveSL2BE.MoveSL2BE#" name="Move SL to BE" type="double" isFormula="true" defaultValue="SQ.Formulas.RangeLevel.None" displayOnDefault="false" controlType="RangeLevel" help="Move StopLoss to Break Even" exitMethod="true">
                  <Formula key="SQ.Formulas.RangeLevel.None" name="None" noneValue="true" />
                </Param>
                <Param key="#MoveSL2BE.SL2BEAddPips#" name="SL to BE - Add pips" type="double" isFormula="true" displayOnDefault="false" controlType="Range" exitMethod="true" dependentOn="MoveSL2BE.MoveSL2BE">
                  <Formula key="SQ.Formulas.Range.None" name="None" noneValue="true" />
                </Param>
                <Param key="#ProfitTarget.ProfitTarget#" name="Profit Target" type="double" isFormula="true" displayOnDefault="false" controlType="SLPT" exitMethod="true" exitMethodType="PT" generate="random" randomValue="default">
                  <Formula key="SQ.Formulas.SLPT.ATRBasedValue" name="ATR-based value">
                    <Param key="#Value#" name="Value" type="double" defaultValue="1" controlType="jspinnerVar" minValue="0.01" maxValue="9999" step="0.1" postfix="* ATR(" builderMinValue="1" builderMaxValue="5" builderStep="0.1" value="4">4</Param>
                    <Param key="#AtrPeriod#" name="Atr Period" type="int" defaultValue="20" genMinValue="-1000003" genMaxValue="-1000004" paramType="period" controlType="jspinnerVar" minValue="1" maxValue="9999" step="5" postfix=")" builderStep="5" value="14">14</Param>
                  </Formula>
                  RandomAction1
                </Param>
                <Param key="#StopLoss.StopLoss#" name="Stop Loss" type="double" isFormula="true" displayOnDefault="false" controlType="SLPT" exitMethod="true" exitMethodType="SL" generate="random" randomValue="default">
                  <Formula key="SQ.Formulas.SLPT.ATRBasedValue" name="ATR-based value">
                    <Param key="#Value#" name="Value" type="double" defaultValue="1" controlType="jspinnerVar" minValue="0.01" maxValue="9999" step="0.1" postfix="* ATR(" builderMinValue="1" builderMaxValue="5" builderStep="0.1" value="3">3</Param>
                    <Param key="#AtrPeriod#" name="Atr Period" type="int" defaultValue="20" genMinValue="-1000003" genMaxValue="-1000004" paramType="period" controlType="jspinnerVar" minValue="1" maxValue="9999" step="5" postfix=")" builderStep="5" value="14">14</Param>
                  </Formula>
                  RandomAction1
                </Param>
                <Param key="#TrailingStop.TrailingStop#" name="Trailing Stop" type="double" isFormula="true" displayOnDefault="false" controlType="RangeLevel" exitMethod="true" generate="random" randomValue="default">
                  <Formula key="SQ.Formulas.RangeLevel.FixedValue" name="Fixed value (in pips)">
                    <Param key="#Value#" name="Value" type="double" defaultValue="50" controlType="jspinnerVar" minValue="1" maxValue="9999999" step="1" postfix="pips" builderMinValue="5" builderMaxValue="500" builderStep="1">50</Param>
                  </Formula>
                  RandomAction1
                </Param>
                <Param key="#TrailingStop.TrailingActivation#" name="TS Activation Level" type="double" isFormula="true" displayOnDefault="false" controlType="Range" exitMethod="true" dependentOn="TrailingStop.TrailingStop" generate="random" randomValue="default">
                  <Formula key="SQ.Formulas.Range.FixedValue" name="Fixed value (in pips)">
                    <Param key="#Value#" name="Value" type="double" defaultValue="50" controlType="jspinnerVar" minValue="1" maxValue="9999999" step="1" postfix="pips" builderMinValue="5" builderMaxValue="100" builderStep="1">50</Param>
                  </Formula>
                  RandomAction1
                </Param>
                <Param key="#Identification#" name="Identification" type="string" controlType="randomId">RandomAction1</Param>
              </Item>
            </Then>
          </Rule>
        </Event>
        <Event key="OnDeinit" />
      </Events>
    </Rules>
    <Variables>
      <variable>
        <id>33333333-1111-1111-3333-333333333333</id>
        <name>LongEntrySignal</name>
        <type>boolean</type>
        <value>false</value>
        <paramType />
        <makeExternal>false</makeExternal>
      </variable>
      <variable>
        <id>33333333-2222-1111-3333-333333333333</id>
        <name>ShortEntrySignal</name>
        <type>boolean</type>
        <value>false</value>
        <paramType />
        <makeExternal>false</makeExternal>
      </variable>
      <variable>
        <id>33333333-1111-2222-3333-333333333333</id>
        <name>LongExitSignal</name>
        <type>boolean</type>
        <value>false</value>
        <paramType />
        <makeExternal>false</makeExternal>
      </variable>
      <variable>
        <id>33333333-2222-2222-3333-333333333333</id>
        <name>ShortExitSignal</name>
        <type>boolean</type>
        <value>false</value>
        <paramType />
        <makeExternal>false</makeExternal>
      </variable>
      <variable>
        <id>7ac7fdd0-1837-4f0e-9485-eab4c03db47f</id>
        <name>MagicNumber</name>
        <type>int</type>
        <value>11111</value>
        <paramType />
        <makeExternal>false</makeExternal>
      </variable>
    </Variables>
    <Datas>
      <data>
        <id>0</id>
        <symbol>NULL</symbol>
        <chart>Main chart</chart>
        <timeFrame>0</timeFrame>
      </data>
    </Datas>
    <CustomBlocks />
    <RandomGroups />
  </Strategy>
</StrategyFile>
